{"cameraMode":{"drawMode":0,"name":"Shaded","section":"Shading Mode"},"sceneLighting":true,"audioPlay":false,"sceneViewState":{"showFog":true,"showMaterialUpdate":false,"showSkybox":true,"showFlares":true,"showImageEffects":true,"showParticleSystems":true,"showVisualEffectGraphs":true,"m_FxEnabled":true},"in2DMode":false,"pivot":{"x":0.8557931184768677,"y":1.5894439220428467,"z":0.9146839380264282},"rotation":{"x":-0.07129374891519547,"y":0.1614590734243393,"z":-0.011695300228893757,"w":-0.9842321276664734},"size":12.187326431274414,"orthographic":false}